date,close,open,high,low,change
1/21/2026,289.55,292.94,292.94,289.55,-3.79%
20-Jan-26,300.97,300.97,300.97,300.45,-0.43%
19-Jan-26,302.29,302.29,302.29,300.97,1.84%
16-Jan-26,296.82,296.82,296.82,295.74,0.99%
15-Jan-26,293.9,298.06,298.06,293.9,-4.28%
14-Jan-26,307.05,307.05,307.05,300.52,6.00%
13-Jan-26,289.66,289.66,289.66,287.81,1.46%
12-Jan-26,285.5,285.5,285.5,285.15,0.40%
9-Jan-26,284.37,284.81,284.81,284.37,-0.28%
8-Jan-26,285.18,285.18,285.18,281.71,3.49%
7-Jan-26,275.55,275.55,275.55,274.91,1.09%
6-Jan-26,272.59,272.93,272.93,272.59,0.20%
5-Jan-26,272.04,272.04,272.04,270.44,0.53%
2-Jan-26,270.61,270.61,270.61,270.61,0.88%
1-Jan-26,268.25,268.25,268.25,268.25,-0.02%
31-Dec-25,268.29,270.87,270.87,268.29,-1.92%
30-Dec-25,273.53,273.53,273.53,273.52,-0.45%
29-Dec-25,274.76,274.81,274.81,274.76,-0.02%
26-Dec-25,274.82,274.86,274.86,274.82,-0.01%
25-Dec-25,274.85,274.85,274.85,274.85,0.00%
24-Dec-25,274.84,274.85,274.85,274.84,-0.02%
23-Dec-25,274.89,274.89,274.89,274.83,0.01%
22-Dec-25,274.86,274.86,274.86,274.85,-0.01%
19-Dec-25,274.9,275.55,275.55,274.9,-2.04%
18-Dec-25,280.63,280.66,280.66,280.63,0.33%
17-Dec-25,279.7,281.82,281.82,279.7,-1.60%
16-Dec-25,284.25,284.77,284.77,284.25,-0.18%
15-Dec-25,284.77,285.63,285.63,284.77,-1.47%
12-Dec-25,289.01,290.45,290.45,289.01,-1.39%
11-Dec-25,293.08,294.91,294.91,293.08,-0.68%
10-Dec-25,295.08,295.25,295.25,295.08,0.27%
9-Dec-25,294.29,294.75,294.75,294.29,-0.51%
8-Dec-25,295.79,295.79,295.79,295.73,-3.17%
5-Dec-25,305.46,305.46,305.46,302.86,0.40%
4-Dec-25,304.26,305.86,305.86,304.26,-1.68%
3-Dec-25,309.45,313.53,313.53,309.45,-2.64%
2-Dec-25,317.85,320.31,320.31,317.85,-1.47%
1-Dec-25,322.58,323.17,323.17,322.58,0.01%
28-Nov-25,322.55,323.82,323.82,322.55,-1.60%
27-Nov-25,327.8,327.8,327.8,327.8,-0.01%
26-Nov-25,327.81,329.11,329.11,327.81,-1.36%
25-Nov-25,332.34,333.39,333.39,332.34,-0.31%
24-Nov-25,333.38,335.02,335.02,333.38,-1.25%
21-Nov-25,337.61,337.61,337.61,334.75,2.71%
20-Nov-25,328.71,328.71,328.71,328.62,-0.67%
19-Nov-25,330.93,330.93,330.93,330.9,0.30%
18-Nov-25,329.93,329.93,329.93,328.56,0.66%
17-Nov-25,327.76,327.76,327.76,327.44,1.36%
12-Nov-25,323.37,325.02,325.02,323.37,-1.30%
11-Nov-25,327.63,328.21,328.21,327.63,-0.35%
10-Nov-25,328.79,332.23,332.23,328.79,-2.51%
7-Nov-25,337.26,337.26,337.26,335.69,1.02%
6-Nov-25,333.85,333.85,333.85,333.04,1.12%
5-Nov-25,330.16,334.94,334.94,330.16,-3.82%
4-Nov-25,343.28,343.28,343.28,339.4,3.69%
3-Nov-25,331.07,331.67,331.67,331.07,0.38%
31-Oct-25,329.8,329.81,329.81,329.8,0.01%
30-Oct-25,329.76,329.76,329.76,324.39,1.66%
29-Oct-25,324.39,324.39,324.39,323.8,-0.48%
28-Oct-25,325.95,328.37,328.37,325.95,-0.38%
27-Oct-25,327.18,330.55,330.55,327.18,-5.90%
24-Oct-25,347.68,349.73,349.73,347.68,-0.57%
23-Oct-25,349.69,349.69,349.69,348.36,2.35%
22-Oct-25,341.65,349.67,349.67,341.65,-6.58%
21-Oct-25,365.7,368.85,368.85,365.7,-1.57%
20-Oct-25,371.52,374.67,374.67,371.52,-2.40%
17-Oct-25,380.65,380.65,380.65,377.29,1.34%
16-Oct-25,375.62,378.95,378.95,375.62,-1.40%
15-Oct-25,380.95,385.58,385.58,380.95,-2.90%
14-Oct-25,392.35,392.37,392.37,392.35,0.20%
13-Oct-25,391.57,391.57,391.57,390.12,0.00%
10-Oct-25,391.57,391.57,391.57,384.1,3.78%
9-Oct-25,377.32,382.04,382.04,377.32,-1.68%
8-Oct-25,383.75,383.75,383.75,383.7,-0.38%
7-Oct-25,385.2,385.25,385.25,385.2,-1.72%
6-Oct-25,391.94,391.94,391.94,391.89,2.64%
3-Oct-25,381.88,381.91,381.91,381.88,-0.63%
2-Oct-25,384.31,395.66,395.66,384.31,-1.67%
1-Oct-25,390.84,391.06,391.06,390.84,-2.71%
30-Sep-25,401.75,406.57,406.57,401.75,-4.63%
29-Sep-25,421.27,429.27,429.27,421.27,-2.16%
26-Sep-25,430.56,434.07,434.07,430.56,-1.64%
25-Sep-25,437.76,437.76,437.76,432.67,2.56%
24-Sep-25,426.84,426.84,426.84,425.09,0.60%
23-Sep-25,424.3,424.39,424.39,424.3,0.24%
22-Sep-25,423.3,423.3,423.3,420.85,7.02%
19-Sep-25,395.55,395.55,395.55,387.08,4.64%
18-Sep-25,378.01,378.01,378.01,377.91,-0.28%
17-Sep-25,379.07,380.34,380.34,379.07,-0.39%
16-Sep-25,380.56,380.63,380.63,380.56,0.47%
15-Sep-25,378.79,383.9,383.9,378.79,-3.46%
12-Sep-25,392.35,392.35,392.35,392.3,-0.40%
11-Sep-25,393.93,404.07,404.07,393.93,-4.67%
10-Sep-25,413.22,416.67,416.67,413.22,-0.69%
9-Sep-25,416.1,416.1,416.1,416.1,-2.52%
8-Sep-25,426.84,432.09,432.09,426.84,-0.73%
5-Sep-25,429.97,431.96,431.96,429.97,-0.79%
4-Sep-25,433.4,436.94,436.94,433.4,-1.30%
3-Sep-25,439.11,440.99,440.99,439.11,-1.20%
2-Sep-25,444.45,435.79,444.45,435.79,3.38%
1-Sep-25,429.93,429.93,429.93,429.92,-0.74%
29-Aug-25,433.12,434.84,434.84,433.12,3.00%
28-Aug-25,420.49,437.5,437.5,420.49,-3.85%
27-Aug-25,437.34,437.34,437.66,437.34,-0.03%
26-Aug-25,437.49,437.49,437.49,431,1.55%
25-Aug-25,430.82,430.82,430.82,430.77,0.19%
22-Aug-25,430.01,451.35,451.35,430.01,-4.70%
21-Aug-25,451.22,451.22,451.22,450.86,0.13%
20-Aug-25,450.63,450.63,450.63,440.44,2.35%
19-Aug-25,440.29,440.53,440.53,440.29,0.00%
18-Aug-25,440.31,440.31,440.31,440.1,0.16%
15-Aug-25,439.59,439.59,439.59,439.28,0.09%
14-Aug-25,439.18,439.18,439.18,438.71,0.13%
13-Aug-25,438.6,452.69,452.69,438.6,-3.10%
12-Aug-25,452.61,466.69,466.69,452.61,-2.95%
11-Aug-25,466.36,469.84,469.84,466.36,-0.61%
8-Aug-25,469.21,469.21,469.21,468.92,0.12%
7-Aug-25,468.66,472.02,472.02,468.66,-0.64%
6-Aug-25,471.66,471.66,471.66,468.46,0.74%
5-Aug-25,468.21,468.21,468.21,468.11,0.10%
4-Aug-25,467.73,475,475,467.73,-1.37%
1-Aug-25,474.23,474.23,474.23,455.51,4.16%
31-Jul-25,455.27,455.27,455.27,455.04,0.07%
30-Jul-25,454.97,454.97,454.97,454.4,0.15%
29-Jul-25,454.31,468.49,468.49,454.31,-3.00%
28-Jul-25,468.38,468.38,468.38,468.34,0.17%
25-Jul-25,467.57,467.6,467.6,467.57,0.01%
24-Jul-25,467.52,467.52,467.52,467.19,0.13%
23-Jul-25,466.93,466.93,466.93,466.65,0.12%
22-Jul-25,466.37,466.64,466.64,466.37,-0.01%
21-Jul-25,466.4,466.69,466.69,466.4,0.07%
18-Jul-25,466.06,466.14,466.14,466.06,-0.03%
17-Jul-25,466.22,472.88,472.88,466.22,-1.32%
16-Jul-25,472.44,481.29,481.29,472.44,-1.83%
15-Jul-25,481.25,484.21,484.21,481.25,-0.56%
14-Jul-25,483.95,483.95,483.95,476.42,1.70%
11-Jul-25,475.86,475.86,475.86,468.99,1.53%
10-Jul-25,468.69,478.87,478.87,468.69,-2.10%
9-Jul-25,478.74,486.17,486.17,478.74,-1.50%
8-Jul-25,486.05,486.05,486.05,485.75,0.09%
7-Jul-25,485.61,485.61,485.61,481.85,0.89%
4-Jul-25,481.31,481.31,481.31,481.31,0.04%
3-Jul-25,481.13,491.84,491.84,481.13,-2.19%
2-Jul-25,491.89,491.89,491.89,488.23,0.79%
1-Jul-25,488.04,488.04,488.04,487.55,0.12%
30-Jun-25,487.47,498.31,498.31,487.47,-2.02%
27-Jun-25,497.52,504.55,504.55,497.52,-1.30%
26-Jun-25,504.06,504.06,504.06,501.01,0.59%
25-Jun-25,501.1,515.23,515.23,501.1,-2.69%
24-Jun-25,514.95,543.97,543.97,514.95,-5.28%
23-Jun-25,543.64,555.28,555.28,543.64,-1.91%
20-Jun-25,554.22,568.96,568.96,554.22,-2.54%
19-Jun-25,568.66,568.66,568.66,550.71,3.37%
18-Jun-25,550.14,550.14,550.14,532.75,3.32%
17-Jun-25,532.48,532.48,532.48,522.58,1.89%
16-Jun-25,522.62,554.78,554.78,522.62,-5.63%
13-Jun-25,553.78,553.78,553.78,531.74,4.16%
12-Jun-25,531.68,531.68,531.68,500.34,6.28%
11-Jun-25,500.24,504.44,504.44,500.24,-0.78%
10-Jun-25,504.19,514.87,514.87,504.19,-2.00%
9-Jun-25,514.47,518.11,518.11,514.47,-0.62%
6-Jun-25,517.7,523.39,523.39,517.7,-1.06%
5-Jun-25,523.25,523.25,523.25,516.12,1.43%
4-Jun-25,515.86,534.3,534.3,515.86,-3.44%
3-Jun-25,534.24,537.5,537.5,534.24,-0.58%
2-Jun-25,537.34,543.95,543.95,537.34,-1.10%
30-May-25,543.33,543.33,543.33,540.04,0.65%
29-May-25,539.83,544.97,544.97,539.83,-0.84%
28-May-25,544.41,551.39,551.39,544.41,-1.20%
27-May-25,551.02,558.46,558.46,551.02,-1.31%
26-May-25,558.35,558.46,558.46,558.35,0.16%
23-May-25,557.44,557.44,557.44,550.46,1.28%
22-May-25,550.37,550.37,550.37,529.28,4.04%
21-May-25,528.98,532.15,532.15,528.98,-0.55%
20-May-25,531.92,542.72,542.72,531.92,-1.92%
19-May-25,542.31,542.31,542.31,539.09,0.79%
16-May-25,538.08,552.02,552.02,538.08,-2.53%
15-May-25,552.05,552.05,552.05,549.44,0.49%
14-May-25,549.35,567.25,567.25,549.35,-3.19%
13-May-25,567.43,570.61,570.61,567.43,-0.54%
12-May-25,570.5,631.92,631.92,570.5,-9.51%
9-May-25,630.49,630.49,630.49,626.46,0.62%
8-May-25,626.62,643.77,643.77,626.62,-2.55%
7-May-25,642.99,666.08,666.08,642.99,-3.44%
6-May-25,665.88,674.2,674.2,665.88,-1.17%
5-May-25,673.76,673.76,673.76,673.34,0.20%
2-May-25,672.43,693.91,693.91,672.43,-3.01%
1-May-25,693.31,693.31,693.31,684.6,1.36%
30-Apr-25,684.04,684.04,684.04,646.94,5.77%
29-Apr-25,646.72,646.72,646.72,636.28,1.70%
28-Apr-25,635.88,636.76,636.76,635.88,0.00%
25-Apr-25,635.9,643.89,643.89,635.9,-1.19%
24-Apr-25,643.54,659.22,659.22,643.54,-2.36%
23-Apr-25,659.09,681.61,681.61,659.09,-3.20%
22-Apr-25,680.89,695.89,695.89,680.89,0.19%
21-Apr-25,679.58,679.93,679.93,679.58,0.05%
18-Apr-25,679.25,679.25,679.25,679.25,0.03%
17-Apr-25,679.03,702.24,702.24,679.03,-3.19%
16-Apr-25,701.38,701.38,701.38,694.29,1.04%
15-Apr-25,694.13,732.18,732.18,694.13,-5.16%
14-Apr-25,731.91,797.38,797.38,731.91,-8.10%
11-Apr-25,796.46,796.46,796.46,730.19,9.03%
10-Apr-25,730.48,730.48,730.48,715.31,31.60%
25-Mar-25,555.09,562.38,562.38,555.09,-1.28%
24-Mar-25,562.26,575.87,575.87,562.26,-2.16%
21-Mar-25,574.68,574.68,574.68,553.62,3.87%
20-Mar-25,553.28,553.28,553.28,541.01,-2.00%
13-Mar-25,564.56,568.55,568.55,564.56,-0.68%
12-Mar-25,568.45,568.45,568.45,567.77,0.11%
11-Mar-25,567.82,567.82,567.82,566.75,0.17%
10-Mar-25,566.87,566.87,566.87,552.95,2.58%
7-Mar-25,552.61,552.61,552.61,551.74,0.14%
6-Mar-25,551.81,530.32,551.81,530.32,4.19%
5-Mar-25,529.62,529.62,529.62,529.2,0.13%
4-Mar-25,528.92,528.92,528.92,521.54,0.57%
3-Mar-25,525.9,525.9,525.9,521.89,0.86%
28-Feb-25,521.4,524.83,524.83,521.4,-1.41%
27-Feb-25,528.85,528.85,528.85,521.87,-1.42%
26-Feb-25,536.48,536.48,536.48,528.5,-1.40%
25-Feb-25,544.11,544.11,544.11,544.11,1.29%
24-Feb-25,537.16,537.16,537.16,537.16,1.45%
21-Feb-25,529.49,529.49,529.49,529.49,0.01%
20-Feb-25,529.44,529.44,529.44,529.44,1.40%
19-Feb-25,522.14,529.3,529.3,522.14,1.46%
18-Feb-25,514.62,521.97,521.97,514.62,0.09%
17-Feb-25,514.18,514.18,514.18,514.09,-1.35%
14-Feb-25,521.22,521.22,521.22,513.3,-1.53%
13-Feb-25,529.31,529.31,529.31,521.02,-0.57%
12-Feb-25,532.35,532.35,532.35,529.34,2.33%
11-Feb-25,520.22,532.11,532.11,520.22,-1.35%
10-Feb-25,527.35,527.35,527.35,520.03,3.99%
7-Feb-25,507.13,507.13,507.13,507.13,-2.81%
6-Feb-25,521.77,521.77,521.77,521.77,-2.08%
5-Feb-25,532.85,532.85,532.85,532.85,-1.29%
4-Feb-25,539.8,539.8,539.8,539.8,1.25%
3-Feb-25,533.12,533.12,533.12,533.12,5.90%
31-Jan-25,503.41,503.41,503.41,503.41,-1.34%
30-Jan-25,510.23,510.23,510.23,510.23,0.16%
29-Jan-25,509.42,509.42,509.42,509.42,-5.40%
28-Jan-25,538.52,538.52,538.52,538.52,5.66%
27-Jan-25,509.67,509.67,509.67,509.67,-2.53%
24-Jan-25,522.89,522.89,522.89,522.89,1.40%
23-Jan-25,515.66,515.66,515.66,515.66,-1.33%
22-Jan-25,522.62,522.62,522.62,522.62,-1.23%
21-Jan-25,529.13,529.13,529.13,522.4,-0.02%
20-Jan-25,529.25,529.39,529.39,529.25,-1.14%
17-Jan-25,535.35,535.35,535.35,528.36,-0.05%
16-Jan-25,535.63,535.63,535.63,535.09,-7.72%
15-Jan-25,580.44,580.44,580.44,535.28,-2.62%
14-Jan-25,596.07,596.07,596.07,580.34,2.57%
13-Jan-25,581.11,596.1,596.1,581.11,3.08%
10-Jan-25,563.72,579.95,579.95,563.72,-2.48%
9-Jan-25,578.05,578.05,578.05,563.43,2.36%
8-Jan-25,564.74,578.07,578.07,564.74,4.15%
7-Jan-25,542.26,564.77,564.77,542.26,-4.70%
6-Jan-25,568.98,568.98,568.98,542.07,-0.77%
3-Jan-25,573.38,573.38,573.38,567.89,-0.01%
2-Jan-25,573.46,573.46,573.46,562.72,0.07%
1-Jan-25,573.05,573.05,573.05,573.05,1.66%
31-Dec-24,563.7,572.6,572.6,563.7,-0.14%
30-Dec-24,564.47,564.47,564.47,563.68,0.18%
27-Dec-24,563.48,563.59,563.59,563.48,-0.02%
26-Dec-24,563.59,563.59,563.59,563.22,0.11%
25-Dec-24,562.98,562.98,562.98,562.98,0.02%
24-Dec-24,562.85,562.85,562.85,562.85,0.12%
23-Dec-24,562.19,562.72,562.72,562.19,0.61%
20-Dec-24,558.77,558.77,558.77,558.77,2.65%
19-Dec-24,544.32,558.59,558.59,544.32,1.66%
18-Dec-24,535.43,543.47,543.47,535.43,-1.30%
17-Dec-24,542.48,542.48,542.48,535.31,1.41%
16-Dec-24,534.95,542.24,542.24,534.95,0.25%
13-Dec-24,533.64,534.21,534.21,533.64,0.12%
12-Dec-24,533.02,533.31,533.31,533.02,-1.23%
11-Dec-24,539.65,539.65,539.65,532.74,-1.20%
10-Dec-24,546.19,546.19,546.19,539.4,4.15%
9-Dec-24,524.43,545.98,545.98,524.43,-2.60%
6-Dec-24,538.42,538.42,538.42,523.82,0.07%
5-Dec-24,538.03,538.08,538.08,538.03,-2.59%
4-Dec-24,552.32,552.32,552.32,537.58,1.31%
3-Dec-24,545.16,552.31,552.31,545.16,0.02%
2-Dec-24,545.03,545.03,545.03,544.96,0.12%
29-Nov-24,544.38,544.38,544.38,543.88,-1.27%
28-Nov-24,551.38,544.26,544.26,544.26,-1.57%
27-Nov-24,560.17,560.17,560.17,551.11,-0.91%
26-Nov-24,565.31,565.31,565.31,560.13,-1.32%
25-Nov-24,572.85,572.85,572.85,565.03,-2.86%
22-Nov-24,589.69,589.69,589.69,572.5,-0.65%
21-Nov-24,593.54,593.54,593.54,589.51,1.38%
20-Nov-24,585.47,593.34,593.34,585.47,-2.15%
19-Nov-24,598.31,598.31,598.31,585.11,0.98%
18-Nov-24,592.51,598.13,598.13,592.51,2.18%
15-Nov-24,579.86,591.57,591.57,579.86,0.09%
14-Nov-24,579.32,579.66,579.66,579.32,0.54%
13-Nov-24,576.22,578.65,578.65,576.22,1.18%
12-Nov-24,569.49,569.49,569.49,569.49,2.48%
11-Nov-24,555.73,569.06,569.06,555.73,0.54%
8-Nov-24,552.76,554.62,554.62,552.76,-6.33%
7-Nov-24,590.11,590.11,590.11,552.7,-4.80%
6-Nov-24,619.84,619.84,619.84,589.85,1.48%
5-Nov-24,610.79,618.71,618.71,610.79,1.32%
4-Nov-24,602.84,610.6,610.6,602.84,0.75%
1-Nov-24,598.37,602.71,602.71,598.37,4.60%
31-Oct-24,572.08,598.01,598.01,572.08,-2.29%
30-Oct-24,585.49,585.49,585.49,571.9,-5.97%
29-Oct-24,622.66,622.66,622.66,585.54,0.00%
28-Oct-24,622.66,622.66,622.66,585.59,0.30%
25-Oct-24,620.78,621.21,621.21,620.78,-0.01%
24-Oct-24,620.85,620.85,620.85,620.56,0.05%
23-Oct-24,620.51,620.79,620.79,620.51,5.82%
22-Oct-24,586.41,619.97,619.97,586.41,0.27%
21-Oct-24,584.82,585.94,585.94,584.82,0.13%
18-Oct-24,584.08,584.08,584.08,583.95,0.11%
17-Oct-24,583.42,583.42,583.42,583.42,0.04%
16-Oct-24,583.21,583.21,583.21,583.21,-9.33%
15-Oct-24,643.25,643.25,643.25,583.08,0.21%
14-Oct-24,641.91,642.98,642.98,641.91,0.00%
11-Oct-24,641.91,641.91,641.91,641.63,-0.02%
10-Oct-24,642.05,642.05,642.05,641.41,-2.66%
9-Oct-24,659.58,640.87,640.87,640.87,4.28%
8-Oct-24,632.53,632.53,632.53,632.53,0.08%
7-Oct-24,632,632,632,632,0.96%
4-Oct-24,626.01,630.91,630.91,626.01,0.00%
3-Oct-24,626.01,657.69,657.69,626.01,0.00%
2-Oct-24,626.01,626.43,626.43,626.01,0.11%
1-Oct-24,625.31,625.84,625.84,625.31,0.00%
30-Sep-24,625.31,625.31,625.31,598.45,0.03%
27-Sep-24,625.1,625.1,625.1,624.23,0.16%
26-Sep-24,624.11,624.69,624.69,624.11,0.12%
25-Sep-24,623.34,623.74,623.74,623.34,9.70%
24-Sep-24,568.22,623.1,623.1,568.22,0.00%
23-Sep-24,568.22,568.22,568.22,550.06,-13.07%
20-Sep-24,653.68,653.68,653.68,567.19,2.56%
19-Sep-24,637.37,637.37,637.37,613.65,0.00%
18-Sep-24,637.37,637.37,637.37,612.39,0.10%
17-Sep-24,636.72,637.24,637.24,636.72,0.03%
16-Sep-24,636.52,636.52,636.52,636.5,0.16%
13-Sep-24,635.53,635.72,635.72,635.53,-0.08%
12-Sep-24,636.04,636.04,636.04,635.93,0.22%
11-Sep-24,634.66,635.67,635.67,634.66,1.48%
10-Sep-24,625.38,634.9,634.9,625.38,0.01%
9-Sep-24,625.32,625.32,625.32,624.98,-9.97%
6-Sep-24,694.54,694.54,694.54,623.81,-0.01%
5-Sep-24,694.58,694.58,694.58,694.36,-0.13%
4-Sep-24,695.45,695.45,695.45,694.43,-4.84%
3-Sep-24,730.81,696.31,696.31,730.81,5.03%
2-Sep-24,695.83,696.01,696.01,695.83,0.21%
30-Aug-24,694.36,694.66,694.66,691.94,0.11%
29-Aug-24,693.6,693.97,693.97,693.6,0.04%
28-Aug-24,693.33,693.33,693.33,693.33,-0.04%
27-Aug-24,693.63,693.63,693.63,693.13,0.15%
26-Aug-24,692.6,692.94,692.94,692.6,0.14%
23-Aug-24,691.63,691.63,691.63,691.63,0.00%
22-Aug-24,691.62,692.57,692.57,691.62,-0.05%
21-Aug-24,691.94,691.94,691.94,691.07,-0.16%
20-Aug-24,693.06,693.06,693.06,692.06,0.08%
19-Aug-24,692.51,692.51,692.51,692.48,0.15%
16-Aug-24,691.46,691.46,691.46,691.38,0.28%
15-Aug-24,689.55,691.41,691.41,689.55,0.08%
14-Aug-24,688.99,689,689,688.99,-0.11%
13-Aug-24,689.78,689.78,689.78,689.11,-0.06%
12-Aug-24,690.21,690.21,690.21,689.5,-2.20%
9-Aug-24,705.74,705.74,705.74,689,1.31%
8-Aug-24,696.59,705.81,705.81,696.59,-0.09%
7-Aug-24,697.23,734.73,734.73,697.23,-5.03%
6-Aug-24,734.15,734.15,734.15,697.55,5.48%
5-Aug-24,696.03,696.03,696.03,671.92,3.69%
2-Aug-24,671.26,671.26,671.26,644.61,4.12%
1-Aug-24,644.67,644.67,644.67,601.23,7.17%
31-Jul-24,601.53,602.34,602.34,601.53,-0.05%
30-Jul-24,601.83,602.34,602.34,601.83,-0.01%
29-Jul-24,601.9,601.9,601.9,601.67,0.14%
26-Jul-24,601.04,604.95,604.95,601.04,-0.62%
25-Jul-24,604.82,604.82,604.82,602.71,0.34%
24-Jul-24,602.78,602.78,602.78,601.41,0.27%
23-Jul-24,601.16,601.34,601.34,601.16,-0.01%
22-Jul-24,601.24,601.24,601.24,579.05,3.98%
19-Jul-24,578.2,578.2,578.2,577.28,0.13%
18-Jul-24,577.47,577.47,577.47,577.28,0.12%
17-Jul-24,576.76,576.76,576.76,576.74,0.00%
16-Jul-24,576.74,576.88,576.88,576.74,0.00%
15-Jul-24,576.73,580.27,580.27,576.73,-0.43%
12-Jul-24,579.21,579.78,579.78,579.21,0.00%
11-Jul-24,579.19,580.66,580.66,579.19,-0.21%
10-Jul-24,580.42,580.42,580.42,572.37,1.44%
9-Jul-24,572.17,572.17,572.17,561.93,1.88%
8-Jul-24,561.59,590.9,590.9,561.59,-4.77%
5-Jul-24,589.71,597.41,597.41,589.71,-1.25%
4-Jul-24,597.18,606.01,606.01,597.18,-1.41%
3-Jul-24,605.72,629.81,629.81,605.72,-3.77%
2-Jul-24,629.48,629.66,629.66,629.48,-0.06%
1-Jul-24,629.86,629.86,629.86,628.97,0.31%
28-Jun-24,627.91,627.91,627.91,618.68,1.58%
27-Jun-24,618.16,618.67,618.67,618.16,-0.02%
26-Jun-24,618.27,642.1,642.1,618.27,-3.65%
25-Jun-24,641.66,641.66,641.66,629.92,1.89%
24-Jun-24,629.74,629.74,629.74,614.58,2.63%
21-Jun-24,613.63,613.63,613.63,591.57,3.81%
20-Jun-24,591.13,595.39,595.39,591.13,-0.65%
19-Jun-24,594.99,595,595,594.99,0.06%
18-Jun-24,594.62,607.93,607.93,594.62,-2.17%
17-Jun-24,607.83,607.83,607.83,607.38,0.31%
14-Jun-24,605.98,605.98,605.98,549.22,5.82%
13-Jun-24,572.65,584.95,584.95,572.65,4.23%
12-Jun-24,549.4,563.29,563.29,549.4,-2.43%
11-Jun-24,563.09,582.11,582.11,563.09,-3.26%
10-Jun-24,582.06,582.06,582.06,565.81,3.07%
7-Jun-24,564.73,564.73,564.73,556.24,1.61%
6-Jun-24,555.8,555.8,555.8,554.42,0.30%
5-Jun-24,554.13,554.69,554.69,554.13,-0.07%
4-Jun-24,554.5,558.55,558.55,554.5,-0.67%
3-Jun-24,558.23,589.1,589.1,558.23,-5.13%
31-May-24,588.41,588.41,588.41,570.3,-0.04%
30-May-24,588.66,588.66,588.66,570.36,4.29%
29-May-24,564.44,564.44,564.44,564.2,0.10%
28-May-24,563.89,563.89,563.89,563.29,0.16%
27-May-24,563,563.02,563.02,563,0.14%
24-May-24,562.24,562.24,562.24,562.1,0.05%
23-May-24,561.94,561.94,561.94,533.4,5.40%
22-May-24,533.16,533.16,533.16,532.77,0.08%
21-May-24,532.76,536.85,536.85,532.76,1.35%
20-May-24,525.66,533.12,533.12,525.66,-1.24%
17-May-24,532.28,532.28,532.28,531.73,0.12%
16-May-24,531.66,545.3,545.3,531.66,-2.50%
15-May-24,545.3,545.3,545.3,499.55,-3.12%
14-May-24,562.88,590.81,590.81,562.88,-4.68%
13-May-24,590.53,590.66,590.66,590.53,0.12%
10-May-24,589.84,597.45,597.45,589.84,-1.21%
9-May-24,597.04,613.86,613.86,597.04,-2.68%
8-May-24,613.46,613.46,613.46,581.01,5.63%
7-May-24,580.74,602.8,602.8,580.74,-3.61%
6-May-24,602.46,602.48,602.48,602.46,0.16%
3-May-24,601.48,635.85,635.85,601.48,-5.37%
2-May-24,635.63,662.31,662.31,635.63,-3.99%
1-May-24,662.03,662.03,662.03,645.75,2.50%
30-Apr-24,645.86,645.86,645.86,627.9,2.88%
29-Apr-24,627.75,653.61,653.61,627.75,-3.81%
26-Apr-24,652.62,664.84,664.84,652.62,-1.80%
25-Apr-24,664.56,664.56,664.56,638.11,4.15%
24-Apr-24,638.11,638.11,638.11,604.46,5.64%
23-Apr-24,604.04,641.08,641.08,604.04,-5.75%
22-Apr-24,640.86,695.76,695.76,640.86,-7.67%
19-Apr-24,694.07,694.07,694.07,693.29,0.01%
18-Apr-24,694.02,694.02,694.02,683.92,1.47%
17-Apr-24,683.95,693.86,693.86,683.95,-1.39%
16-Apr-24,693.57,693.57,693.57,683.91,1.42%
15-Apr-24,683.88,683.88,683.88,589.57,16.26%
12-Apr-24,588.24,588.24,588.24,580.91,1.30%
11-Apr-24,580.71,580.71,580.71,556.53,4.35%
10-Apr-24,556.52,556.52,556.52,553.63,0.51%
9-Apr-24,553.67,562.03,562.03,553.67,-1.46%
8-Apr-24,561.85,561.85,561.85,553.81,1.68%
5-Apr-24,552.59,552.59,552.59,543.82,1.65%
4-Apr-24,543.63,559.65,559.65,543.63,-2.82%
3-Apr-24,559.4,559.93,559.93,559.4,-0.09%
2-Apr-24,559.91,559.91,559.91,551.75,1.48%
1-Apr-24,551.74,551.74,551.74,550.33,0.40%
29-Mar-24,549.56,549.56,549.56,549.56,0.02%
28-Mar-24,549.46,573.02,573.02,549.46,-4.00%
27-Mar-24,572.36,572.36,572.36,550.92,3.95%
26-Mar-24,550.6,550.6,550.6,542.92,1.40%
25-Mar-24,543.01,543.01,543.01,531.06,2.41%
22-Mar-24,530.22,530.61,530.61,530.22,-0.08%
21-Mar-24,530.63,537.52,537.52,530.63,-1.28%
20-Mar-24,537.49,538.14,538.14,537.49,1.68%
19-Mar-24,528.62,566.87,566.87,528.62,-6.82%
18-Mar-24,567.29,588.89,588.89,567.29,-3.67%
15-Mar-24,588.89,588.89,588.89,581.65,1.07%
14-Mar-24,582.63,582.63,582.63,577.74,0.80%
13-Mar-24,578.03,578.03,578.03,575.48,0.33%
12-Mar-24,576.12,576.12,576.12,559.6,2.88%
11-Mar-24,560,560,560,544.53,2.88%
8-Mar-24,544.3,544.3,544.3,539.47,0.96%
7-Mar-24,539.12,568.36,568.36,539.12,-5.14%
6-Mar-24,568.32,573.19,573.19,568.32,-0.69%
5-Mar-24,572.29,572.29,572.29,558.37,2.37%
4-Mar-24,559.02,592.28,592.28,559.02,-5.46%
1-Mar-24,591.28,611.38,611.38,591.28,-3.29%
29-Feb-24,611.39,611.39,611.39,587.09,4.24%
28-Feb-24,586.54,701.09,701.09,586.54,-16.35%
27-Feb-24,701.22,701.22,701.22,676.05,3.73%
26-Feb-24,676,987.06,987.06,676,-31.43%
23-Feb-24,985.8,986.97,986.97,985.8,-0.02%
22-Feb-24,986.03,"1,004.87","1,004.87",986.03,-1.82%
21-Feb-24,"1,004.30","1,033.65","1,033.65","1,004.30",-2.84%
20-Feb-24,"1,033.64","1,044.56","1,044.56","1,033.64",-0.97%
19-Feb-24,"1,043.76","1,054.06","1,054.06","1,043.76",-0.80%
16-Feb-24,"1,052.22","1,052.22","1,052.22","1,030.60",2.20%
15-Feb-24,"1,029.52","1,072.42","1,072.42","1,029.52",-4.00%
14-Feb-24,"1,072.39","1,084.08","1,084.08","1,072.39",-1.06%
13-Feb-24,"1,083.92","1,083.92","1,083.92","1,018.63",6.47%
12-Feb-24,"1,018.09","1,018.09","1,018.09","1,013.44",0.60%
9-Feb-24,"1,012.03","1,012.03","1,012.03",981.46,3.16%
8-Feb-24,981.06,"1,058.45","1,058.45",981.06,-7.27%
7-Feb-24,"1,057.98","1,092.59","1,092.59","1,057.98",-3.21%
6-Feb-24,"1,093.06","1,126.14","1,126.14","1,093.06",-2.93%
5-Feb-24,"1,126.04","1,158.99","1,158.99","1,126.04",-2.51%
2-Feb-24,"1,155.05","1,163.83","1,163.83","1,155.05",-0.65%
1-Feb-24,"1,162.63","1,188.19","1,188.19","1,162.63",-2.11%
31-Jan-24,"1,187.73","1,245.72","1,245.72","1,187.73",-4.73%
30-Jan-24,"1,246.65","1,332.19","1,332.19","1,246.65",-6.41%
29-Jan-24,"1,332.04","1,332.04","1,332.04","1,295.76",2.92%
26-Jan-24,"1,294.29","1,294.29","1,294.29","1,287.82",0.46%
25-Jan-24,"1,288.31","1,288.31","1,288.31","1,218.26",5.78%
24-Jan-24,"1,217.93","1,239.90","1,239.90","1,217.93",-1.81%
23-Jan-24,"1,240.34","1,240.34","1,240.34","1,216.96",1.94%
22-Jan-24,"1,216.71","1,261.00","1,261.00","1,216.71",-3.39%
19-Jan-24,"1,259.44","1,326.84","1,326.84","1,259.44",-4.99%
18-Jan-24,"1,325.56","1,325.56","1,325.56","1,324.61",0.10%
17-Jan-24,"1,324.25","1,324.25","1,324.25","1,303.70",1.61%
16-Jan-24,"1,303.21","1,303.21","1,303.21","1,254.51",4.00%
15-Jan-24,"1,253.05","1,253.05","1,253.05","1,240.69",1.18%
12-Jan-24,"1,238.38","1,253.78","1,253.78","1,238.38",-1.21%
11-Jan-24,"1,253.58","1,256.38","1,256.38","1,253.58",-0.21%
10-Jan-24,"1,256.17","1,292.57","1,292.57","1,256.17",-2.86%
9-Jan-24,"1,293.10","1,317.58","1,317.58","1,293.10",-1.81%
8-Jan-24,"1,316.89","1,316.89","1,316.89","1,307.03",0.98%
5-Jan-24,"1,304.13","1,325.39","1,325.39","1,304.13",-1.51%
4-Jan-24,"1,324.12","1,324.12","1,324.12","1,248.08",6.18%
3-Jan-24,"1,247.02","1,247.02","1,247.02","1,187.47",5.06%
2-Jan-24,"1,186.96","1,186.96","1,186.96","1,097.69",8.27%
1-Jan-24,"1,096.33","1,096.33","1,096.33","1,096.33",0.12%
29-Dec-23,"1,094.97","1,116.62","1,116.62","1,094.97",-1.93%
28-Dec-23,"1,116.47","1,116.47","1,116.47","1,116.00",0.11%
27-Dec-23,"1,115.20","1,117.21","1,117.21","1,115.20",-0.12%
26-Dec-23,"1,116.57","1,116.57","1,116.57","1,116.13",0.08%
25-Dec-23,"1,115.67","1,115.67","1,115.67","1,115.67",0.13%
22-Dec-23,"1,114.24","1,142.22","1,142.22","1,114.24",-2.38%
